library	nanopore_only_focal	nanopore_only_whole_gene_large	nanopore_rescued_whole_gene_large	nanopore_rescued_focal	cosmic_genes_focal	cosmic_genes_driver_match_focal	low_agreement
POG044	1	47	17	0	1	0	True
POG049	9	18	46	7	16	0	False
POG068	4	82	150	14	16	1	False
POG1000	2	21	6	4	6	1	True
POG1002	19	55	71	2	21	1	False
POG1022	5	48	16	0	5	1	False
POG111	11	84	71	18	22	4	False
POG117-1	10	56	17	1	11	2	False
POG117-2	16	68	30	1	17	4	False
POG137	10	56	34	9	18	7	False
POG147	13	37	51	20	24	6	False
POG209	3	8	0	1	4	0	False
POG255	8	77	66	4	12	2	False
POG279	15	24	40	7	22	1	False
POG295	2	57	33	3	5	1	False
POG303	10	64	65	11	21	4	False
POG320	19	16	97	33	46	5	False
POG330	2	8	10	0	2	0	False
POG360	3	24	31	3	6	0	False
POG410	7	49	25	9	16	2	False
POG415-1	2	83	11	0	2	0	False
POG415-2	4	73	9	0	4	0	False
POG425	8	34	8	7	14	2	False
POG507	16	13	53	7	23	0	False
POG530	6	25	0	0	6	0	True
POG566	5	4	40	6	11	0	False
POG588	12	82	8	4	12	0	False
POG604	9	77	10	5	13	0	False
POG625	2	28	5	3	5	1	False
POG637	6	81	47	1	6	1	False
POG649	15	22	56	15	29	6	False
POG684	5	63	105	12	17	3	False
POG704	9	74	38	4	12	0	False
POG739	15	37	36	1	16	0	False
POG748	17	72	49	13	24	2	False
POG777	7	54	69	11	18	2	False
POG782	14	52	89	8	21	1	False
POG794	2	27	6	2	4	0	False
POG797	11	81	109	21	27	0	False
POG804	12	26	29	2	13	0	False
POG846	13	49	57	6	18	1	False
POG884	25	13	0	2	26	4	True
POG986	29	37	7	1	29	9	True
